{
  "bottom": 15.4579498090343,
  "top": 135.892109851734,
  "ec50": -17.3946073474524,
  "slope": -0.0516998824838258,
  "asym": 1.94740584202069,
  "linearRangeL": 0.0761092553601742,
  "linearRangeH": 3363.58566101486,
  "lod": 0.0456995561766628,
  "linearRangeLog10": 4.64536501951208,
  "noOfParams": 5,
  "outlierMethod": "basic",
  "outlierParams": "15,70-130",
  "pValueGrp12": 0.0714285714285714,
  "pValueGrp23": 0.114285714285714,
  "pValueGrp13": 0.555555555555556
}